-- phpMyAdmin SQL Dump
-- version 5.2.0
-- https://www.phpmyadmin.net/
--
-- Host: 127.0.0.1:3306
-- Generation Time: Feb 20, 2024 at 01:15 AM
-- Server version: 8.0.31
-- PHP Version: 8.0.26

SET SQL_MODE = "NO_AUTO_VALUE_ON_ZERO";
START TRANSACTION;
SET time_zone = "+00:00";


/*!40101 SET @OLD_CHARACTER_SET_CLIENT=@@CHARACTER_SET_CLIENT */;
/*!40101 SET @OLD_CHARACTER_SET_RESULTS=@@CHARACTER_SET_RESULTS */;
/*!40101 SET @OLD_COLLATION_CONNECTION=@@COLLATION_CONNECTION */;
/*!40101 SET NAMES utf8mb4 */;

--
-- Database: `dbblogoop`
--

-- --------------------------------------------------------

--
-- Table structure for table `categories`
--

DROP TABLE IF EXISTS `categories`;
CREATE TABLE IF NOT EXISTS `categories` (
  `id` int NOT NULL AUTO_INCREMENT,
  `category_name` varchar(255) NOT NULL,
  PRIMARY KEY (`id`)
) ENGINE=InnoDB AUTO_INCREMENT=18 DEFAULT CHARSET=utf8mb4 COLLATE=utf8mb4_0900_ai_ci;

--
-- Dumping data for table `categories`
--

INSERT INTO `categories` (`id`, `category_name`) VALUES
(3, 'Nature'),
(4, 'War'),
(5, 'Animals'),
(6, 'Finshing'),
(7, 'Painting'),
(8, 'DnD'),
(9, 'Clothes'),
(10, 'Album'),
(11, 'America'),
(12, 'Middle East'),
(13, 'Fishing'),
(14, 'Canada'),
(15, 'Astronomy'),
(16, 'Architecture'),
(17, 'Pokemon');

-- --------------------------------------------------------

--
-- Table structure for table `comments`
--

DROP TABLE IF EXISTS `comments`;
CREATE TABLE IF NOT EXISTS `comments` (
  `id` int NOT NULL AUTO_INCREMENT,
  `photo_id` int NOT NULL,
  `user_id` int NOT NULL,
  `author` varchar(255) NOT NULL,
  `body` text NOT NULL,
  PRIMARY KEY (`id`)
) ENGINE=InnoDB AUTO_INCREMENT=7 DEFAULT CHARSET=utf8mb4 COLLATE=utf8mb4_0900_ai_ci;

--
-- Dumping data for table `comments`
--

INSERT INTO `comments` (`id`, `photo_id`, `user_id`, `author`, `body`) VALUES
(1, 13, 1, 'Tom', 'test tekst'),
(2, 13, 1, 'Tom', 'test tekst'),
(3, 13, 1, 'Tom', 'test tekst'),
(4, 13, 1, 'Emmeline', 'test'),
(5, 13, 1, 'Emmeline', 'test'),
(6, 13, 1, 'Emmeline', 'test');

-- --------------------------------------------------------

--
-- Table structure for table `photos`
--

DROP TABLE IF EXISTS `photos`;
CREATE TABLE IF NOT EXISTS `photos` (
  `id` int NOT NULL AUTO_INCREMENT,
  `title` varchar(255) NOT NULL,
  `description` text NOT NULL,
  `filename` varchar(255) NOT NULL,
  `type` varchar(255) NOT NULL,
  `size` int NOT NULL,
  `alternate_text` varchar(255) NOT NULL,
  `deleted_at` timestamp NULL DEFAULT NULL,
  `created_at` datetime DEFAULT CURRENT_TIMESTAMP,
  PRIMARY KEY (`id`)
) ENGINE=InnoDB AUTO_INCREMENT=13 DEFAULT CHARSET=utf8mb4 COLLATE=utf8mb4_0900_ai_ci;

--
-- Dumping data for table `photos`
--

INSERT INTO `photos` (`id`, `title`, `description`, `filename`, `type`, `size`, `alternate_text`, `deleted_at`, `created_at`) VALUES
(1, 'American River Connecticut', '                                                                                            ', 'Cole_Thomas_The_Oxbow_(The_Connecticut_River_near_Northampton_1836)2024_02_15-12-17-17.jpg', 'image/jpeg', 2087939, 'Default text', NULL, '2024-02-15 13:17:17'),
(3, 'Labrador', 'Labrador looking at the camera with his tongue out', 'hond2024_01_22-11-32-212024_02_15-12-19-55.jpg', 'image/jpeg', 40053, 'Default text', NULL, '2024-02-15 13:19:55'),
(4, 'Fisherman on pole', 'Fisherman fishing on a pole', 'fisherman-sri-lanka2024_01_22-10-08-542024_02_15-12-20-43.jpg', 'image/jpeg', 156718, 'Default alternate ', NULL, '2024-02-15 13:20:43'),
(5, 'Pink Lake - Canada', 'Image of a pink lake', 'image2024_01_18-10-35-162024_02_15-12-22-02.jpg', 'image/jpeg', 204301, 'Default texts', NULL, '2024-02-15 13:22:02'),
(6, 'AI Dog', 'Image of a dog generated by AI', 'dog-high-quality-hdr-16k-ultra-hd-free-photo2024_02_15-12-23-00.jpg', 'image/jpeg', 342534, 'Default alternate text', NULL, '2024-02-15 13:23:00'),
(7, 'Clouds', 'Painting of couds', 'Screenshot 2022-09-29 1923112024_02_15-12-29-47.png', 'image/png', 1421970, 'Default alternate text', NULL, '2024-02-15 13:29:47'),
(8, 'Space Invaders', 'Image of space', 'JWST_hero.width-20002024_02_16-12-28-37.jpg', 'image/jpeg', 494269, 'Default alternate text', NULL, '2024-02-16 13:28:37'),
(9, 'City Canal', 'Picture of buildings over a canal', 'pexels-pixabay-2581962024_02_19-10-34-57.jpg', 'image/jpeg', 379408, 'Default alternate text', '2024-02-19 13:00:24', '2024-02-19 11:34:57'),
(10, 'Panda', 'This is a image of a panda', 'pngtree-geometric-panda-vector-high-resolution-png-image_53314412024_02_19-12-31-54.jpg', 'image/jpeg', 326301, 'Default alternate text', '2024-02-19 13:00:24', '2024-02-19 13:31:54');

-- --------------------------------------------------------

--
-- Table structure for table `photo_categories`
--

DROP TABLE IF EXISTS `photo_categories`;
CREATE TABLE IF NOT EXISTS `photo_categories` (
  `photo_id` int NOT NULL,
  `category_id` int NOT NULL,
  PRIMARY KEY (`photo_id`,`category_id`),
  KEY `category_id` (`category_id`)
) ENGINE=InnoDB DEFAULT CHARSET=utf8mb4 COLLATE=utf8mb4_0900_ai_ci;

--
-- Dumping data for table `photo_categories`
--

INSERT INTO `photo_categories` (`photo_id`, `category_id`) VALUES
(1, 3),
(5, 3),
(7, 3),
(3, 5),
(6, 5),
(10, 5),
(1, 7),
(7, 7),
(1, 11),
(4, 13),
(5, 14),
(8, 15),
(9, 16);

-- --------------------------------------------------------

--
-- Table structure for table `photo_tags`
--

DROP TABLE IF EXISTS `photo_tags`;
CREATE TABLE IF NOT EXISTS `photo_tags` (
  `photo_id` int NOT NULL,
  `tag_id` int NOT NULL,
  `deleted_at` datetime DEFAULT NULL,
  PRIMARY KEY (`photo_id`,`tag_id`),
  KEY `fk_photo` (`photo_id`),
  KEY `fk_tag` (`tag_id`)
) ENGINE=InnoDB DEFAULT CHARSET=utf8mb4 COLLATE=utf8mb4_unicode_ci;

--
-- Dumping data for table `photo_tags`
--

INSERT INTO `photo_tags` (`photo_id`, `tag_id`, `deleted_at`) VALUES
(1, 1, NULL),
(1, 2, NULL),
(1, 3, NULL),
(1, 4, NULL),
(1, 14, NULL),
(3, 7, NULL),
(3, 8, NULL),
(3, 24, NULL),
(4, 9, NULL),
(4, 10, NULL),
(4, 25, NULL),
(5, 11, NULL),
(5, 12, NULL),
(5, 23, NULL),
(5, 26, NULL),
(6, 7, NULL),
(7, 2, NULL),
(7, 13, NULL),
(8, 27, NULL),
(8, 28, NULL),
(9, 18, NULL),
(9, 30, NULL),
(10, 31, NULL);

-- --------------------------------------------------------

--
-- Table structure for table `tags`
--

DROP TABLE IF EXISTS `tags`;
CREATE TABLE IF NOT EXISTS `tags` (
  `id` int NOT NULL AUTO_INCREMENT,
  `tag_name` varchar(255) CHARACTER SET utf8mb4 COLLATE utf8mb4_unicode_ci NOT NULL,
  PRIMARY KEY (`id`),
  UNIQUE KEY `tag_name` (`tag_name`)
) ENGINE=InnoDB AUTO_INCREMENT=34 DEFAULT CHARSET=utf8mb4 COLLATE=utf8mb4_unicode_ci;

--
-- Dumping data for table `tags`
--

INSERT INTO `tags` (`id`, `tag_name`) VALUES
(19, 'adawd'),
(15, 'assasin'),
(21, 'blue'),
(30, 'buildings'),
(22, 'church'),
(18, 'city'),
(2, 'clouds'),
(7, 'dog'),
(16, 'ecc'),
(6, 'eyes'),
(29, 'flag'),
(26, 'forest'),
(28, 'galaxy'),
(5, 'girl'),
(24, 'green'),
(11, 'lake'),
(10, 'man'),
(23, 'orlando'),
(31, 'panda'),
(12, 'pink'),
(33, 'plain'),
(32, 'pokeball'),
(25, 'pole'),
(1, 'river'),
(17, 'road'),
(13, 'sky'),
(27, 'space'),
(9, 'sri lanka'),
(3, 'storm'),
(8, 'tongue'),
(14, 'trees'),
(20, 'watercolor'),
(4, 'wild');

-- --------------------------------------------------------

--
-- Table structure for table `users`
--

DROP TABLE IF EXISTS `users`;
CREATE TABLE IF NOT EXISTS `users` (
  `id` int NOT NULL AUTO_INCREMENT,
  `username` varchar(255) NOT NULL,
  `password` varchar(255) NOT NULL,
  `first_name` varchar(255) NOT NULL,
  `last_name` varchar(255) NOT NULL,
  `user_image` varchar(255) NOT NULL,
  `deleted_at` timestamp NOT NULL,
  `email` varchar(255) DEFAULT NULL,
  PRIMARY KEY (`id`),
  UNIQUE KEY `email` (`email`)
) ENGINE=InnoDB AUTO_INCREMENT=24 DEFAULT CHARSET=utf8mb4 COLLATE=utf8mb4_0900_ai_ci;

--
-- Dumping data for table `users`
--

INSERT INTO `users` (`id`, `username`, `password`, `first_name`, `last_name`, `user_image`, `deleted_at`, `email`) VALUES
(1, 'admin', '$2b$12$RzCMOSqUcbsACB7QC7oIo.a.Q6.FvV1Bixgo6Yr9g//oUH6mcQC36', 'Natanael', 'Apreutesei', 'dog-high-quality-hdr-16k-ultra-hd-free-photo2024_02_19-08-52-07.jpg', '0000-00-00 00:00:00', NULL),
(22, 'innate.goteleib@gmail.com', '', 'Natanael', '“Goteleib” Apreutesei', 'https://lh3.googleusercontent.com/a/ACg8ocL9rMndHchVlrceuf8CGa0inmPPJ01IKy8qMJhnsMIHgVtb=s96-c', '0000-00-00 00:00:00', 'innate.goteleib@gmail.com'),
(23, 'natiapreutesei@gmail.com', '', 'Natanael', 'Apreutesei', 'https://lh3.googleusercontent.com/a/ACg8ocKSZJdV2lpyht4qaQd6xaRFMRwao0hu8Wb2NgnyAErtYw=s96-c', '0000-00-00 00:00:00', 'natiapreutesei@gmail.com');

--
-- Constraints for dumped tables
--

--
-- Constraints for table `photo_categories`
--
ALTER TABLE `photo_categories`
  ADD CONSTRAINT `photo_categories_ibfk_1` FOREIGN KEY (`photo_id`) REFERENCES `photos` (`id`),
  ADD CONSTRAINT `photo_categories_ibfk_2` FOREIGN KEY (`category_id`) REFERENCES `categories` (`id`);

--
-- Constraints for table `photo_tags`
--
ALTER TABLE `photo_tags`
  ADD CONSTRAINT `fk_photo` FOREIGN KEY (`photo_id`) REFERENCES `photos` (`id`),
  ADD CONSTRAINT `fk_tag` FOREIGN KEY (`tag_id`) REFERENCES `tags` (`id`);
COMMIT;

/*!40101 SET CHARACTER_SET_CLIENT=@OLD_CHARACTER_SET_CLIENT */;
/*!40101 SET CHARACTER_SET_RESULTS=@OLD_CHARACTER_SET_RESULTS */;
/*!40101 SET COLLATION_CONNECTION=@OLD_COLLATION_CONNECTION */;
